FILE NAME,TITLE,OP ID,BDRC ID,VOLUME NUMBER
MW1PD95844_2598,དབང་གི་དོན་ངེས་པར་འབྱེད་པ།,I00388DFB,MW1PD95844_2598,43
MW1PD95844_2775,མགོན་པོ་དམར་པོའི་ཚེ་སྒྲུབ།,I022E0E8A,MW1PD95844_2775,47
MW1PD95844_2838,ནོར་ལྷ་གསང་བའི་བསྒྲུབ་ཐབས།,I02B4050B,MW1PD95844_2838,47
MW1PD95844_2669,གཤིན་རྗེ་གཤེད་ནག་པོའི་དཀྱིལ་འཁོར་ཀྱི་ཆོ་ག།,I060D269E,MW1PD95844_2669,46
MW1PD95844_1228,ཤེས་རབ་ཀྱི་ཕ་རོལ་ཏུ་ཕྱིན་མའི་སྒྲུབ་ཐབ།,I078413A3,MW1PD95844_1228,39
MW1PD95844_0411,དཔལ་འཁོར་ལོ་བདེ་མཆོག་གི་མངོན་པར་རྟོགས་པའི་འགྲེལ་པ།,I084AAE84,MW1PD95844_0411,42
O2MS163914CZ189528,ཅུང་ཟད་དྲན་པ།,I08821B0A,,42
MW1PD95844_2540,མངོན་པར་རྟོགས་པའི་འགྲེལ་པ།,I09032F0F,MW1PD95844_2540,42
O2MS163914CZ189450,བཅོམ་ལྡན་འདས་དཔལ་འཁོར་ལོ་སྡོམ་པའི་སྒྲུབ་ཐབས།,I0B11F165,,42
MW1PD95844_2863,འཆི་མེད་གྲུབ་པའི་འགྲེལ་པ་གཡུང་དྲུང་གྲུབ་པ།,I0C462022,MW1PD95844_2863,47
MW1PD95844_2617,རིམ་པ་དྲུག་པ།,I0C9BB278,MW1PD95844_2617,47
MW1PD95844_2827,འཕགས་པ་ཚོགས་ཀྱི་བདག་པོ་ཡིད་བཞིན་ནོར་བུའི་སྒྲུབ་ཐབས།,I0CEB004E,MW1PD95844_2827,47
MW1PD95844_0996,གཏོར་མ།,I0E568D78,MW1PD95844_0996,24
MW1PD95844_0953,ལས་ཀྱི་གཤིན་རྗེ་ཆོས་ཀྱི་རྒྱལ་པོའི་བསྒྲུབ་ཐབས།,I0EE65051,MW1PD95844_0953,24
MW1PD95844_2685,གཤིན་རྗེ་གཤེད་མཐར་བྱེད་ཀྱི་འཁྲུལ་འཁོར་གྱི་ཆོ་ག།,I0EF85562,MW1PD95844_2685,46
MW1PD95844_2799,དམ་ཚིག་འདུས་པའི་དབང་།,I0FA0A55C,MW1PD95844_2799,47
MW1PD95844_2849,ཁྲོ་བོ་རེག་ཚིག་གི་སྦྱིན་སྲེག་གི་ཆོ་ག།,I127B0680,MW1PD95844_2849,47
O2MS163914CZ189475,ལམ་ཁྱེར་གྱི་ཆོས་གསུམ།,I12831F44,,42
O2MS163914CZ189472,དཔལ་འཆི་མེད་ཡེ་ཤེས་ཆེན་པོ།,I146A3838,,42
MW1PD95844_2634,ཐུགས་ཀྱི་སྒོ་ལྕགས།,I14712EE0,MW1PD95844_2634,44
MW1PD95844_1171,དོ་ཧ་མཛོད་ཅེས་བྱ་བ་སྤྱོད་པའི་གླུ།,I14E17B3B,MW1PD95844_1171,26
MW1PD95844_1979,གཤིན་རྗེ་ནག་པོའི་སྒྲུབ་ཐབས།,I164F3BD3,MW1PD95844_1979,39
MW1PD95844_0043,དེ་བཞིན་གཤེགས་པ་ཐམས་ཅད་ལ་བསྟོད་པ།,I166FA95B,MW1PD95844_0043,42
MW1PD95844_2856,རྒྱུད་སྡེ་ལྔའི་སྒྲུབ་ཐབས་དེ་ཁོ་ན་ཉིད་བསྡུས་པ།,I176185B6,MW1PD95844_2856,47
MW1PD95844_0075,རྡོ་རྗེ་སྙིང་པོའི་འགྲེལ་པ།,I181A1238,MW1PD95844_0075,1
MW1PD95844_0677,ནག་པོ་ཆེན་པོ་ལ་བསྟོད་པ།,I184D4C93,MW1PD95844_0677,47
MW1PD95844_3559,སྤོས་སྦྱོར་རིན་པོ་ཆེའི་འཕྲེང་བ།,I184F2DE0,MW1PD95844_3559,114
MW1PD95844_2586,འཇིག་རྟེན་གསུམ་ལས་རྣམ་པར་རྒྱལ་བ་འཕགས་མ་སྒྲོལ་མ་སྒྲུབ་པའི་ཐབས།,I18A4C115,MW1PD95844_2586,42
MW1PD95844_0210,བླ་མའི་མན་ངག།,I1966A883,MW1PD95844_0210,42
MW1PD95844_1560,མི་འཁྲུགས་པའི་སྒྲུབ་ཐབས།,I1A0BB934,MW1PD95844_1560,34
MW1PD95844_0373,དཔལ་འཁོར་ལོ་སྡོམ་པའི་སྦྱིན་བསྲེག་གི་ཆོ་ག།,I1A1C779E,MW1PD95844_0373,42
MW1PD95844_2615,སྒྱུ་འཕྲུལ་མན་ངག་གསལ་བའི་སྒྲོན་མེ།,I1AAF5314,MW1PD95844_2615,43
MW1PD95844_0863,གཤིན་རྗེ་གཤེད་ནག་པོའི་མངོན་པར་རྟོགས་པའི་རིམ་པ།,I1ACB2944,MW1PD95844_0863,46
MW1PD95844_2595,དེ་ཁོ་ན་ཉིད་ངེས་པའི་རྒྱ་ཆེར་བཤད་པའི་འགྲེལ་པ།,I1B909C02,MW1PD95844_2595,43
MW1PD95844_2555,རྣལ་འབྱོར་མ་དྲུག་གི་སྒྲུབ་པའི་ཐབས།,I1C124F32,MW1PD95844_2555,42
MW1PD95844_2832,ཚོགས་ཀྱི་བདག་པོ་ཆེན་པོ་ཁམས་གསུམ་དབང་སྡུད་དམར་པོའི་སྒྲུབ་པའི་ཐབས།,I1C1B3211,MW1PD95844_2832,47
MW1PD95844_2106,འཕགས་པ་ཁ་སརྤ་ཎི་འཇིག་རྟེན་དབང་ཕྱུག་གི་སྒྲུབ་ཐབས།,I1CCB0798,MW1PD95844_2106,40
MW1PD95844_1049,ཚེ་དང་ཡེ་ཤེས་དཔག་ཏུ་མེད་པའི་དཀྱིལ་འཁོར་གྱི་ཆོ་ག།,I1D38B35C,MW1PD95844_1049,47
MW1PD95844_2600,གསང་བའི་ཐིགས་པའི་མན་ངག།,I1D6D1D44,MW1PD95844_2600,43
MW1PD95844_1613,འཇམ་དབྱངས་སྨྲ་བའི་སེངྒེའི་སྒྲུབ་ཐབས།,I1DDC1C91,MW1PD95844_1613,47
MW1PD95844_2654,ཕྱག་རྒྱ་བཞི་པའི་བསམ་གཏན།,I1F099178,MW1PD95844_2654,44
MW1PD95844_2692,འཇམ་པའི་དབྱངས་དཔའ་བོ་གཅིག་གྲུབ་པའི་བསྟོད་པ་གསེར་གྱི་སྲེང་བ།,I1FB4A1EF,MW1PD95844_2692,47
MW1PD95844_2731,དམ་ཚིག་སྒྲོལ་མ་ལ་བསྟོད་པ།,I1FEDD92D,MW1PD95844_2731,47
MW1PD95844_2435,ཆོས་སྐྱོང་བའི་རྒྱལ་པོ་རྣམ་ཐོས་སྲས་ལ་བསྟོད་པ།,I2029C8AC,MW1PD95844_2435,41
MW1PD95844_2751,ནག་པོ་ཆེན་པོའི་སྦྱིན་སྲེག།,I20365277,MW1PD95844_2751,47
MW1PD95844_2753,ནག་པོ་ཆེན་པོའི་བསྟོད་པ།,I203C3DEA,MW1PD95844_2753,47
MW1PD95844_3565,མོ་རྩིས་འཇམ་པའི་དབྱངས།,I20D605BF,MW1PD95844_3565,114
MW1PD95844_2702,ཕྱག་ན་རྡོ་རྗེ་གཏུམ་པོ་ཆེན་པོ་ཁྲོས་པ་ཞེས་བྱ་བའི་སྒྲུབ་ཐབས།,I2183E24E,MW1PD95844_2702,47
O2MS163914CZ189815,འཕགས་པ་འཛམ་བྷ་ལྷ་ལ་བསྟོད་པ།,I22ABB74B,,47
MW1PD95844_1814,སོ་སོ་འབྲང་མའི་སྒྲུབ་ཐབས།,I22B961BF,MW1PD95844_1814,40
MW1PD95844_1054,བཅོམ་ལྡན་འདས་ཚེ་དང་ཡེ་ཤེས་དཔག་ཏུ་མེད་པའི་དཀྱིལ་འཁོར་གྱི་ཆོ་ག།,I22CD2A49,MW1PD95844_1054,47
MW1PD95844_2631,འབྲས་བུའི་མཆོག་གི་རྒྱུད་ཀྱི་དོན་བསྡུས་འགྲེལ་པ་པཎྜིར་ཐར།,I23B62583,MW1PD95844_2631,44
MW1PD95844_2749,ཞལ་བཞི་པའི་དམ་ཚིག་དངོས་གྲུབ་བསྒྲུབ་པའི་ཐབས།,I2408A632,MW1PD95844_2749,47
MW1PD95844_2801,དཔལ་ནག་པོ་ཆེན་པོའི་དངོས་གྲུབ་དང་བསྲུང་བ་དང་བཟློག་པའི་སྒྲུབ་ཐབས།,I24474891,MW1PD95844_2801,47
MW1PD95844_2841,གནོད་སྦྱིན་མོ་ནག་མོས་བསད་པའི་སྒྲུབ་ཐབས།,I244F5A7A,MW1PD95844_2841,47
MW1PD95844_2542,བདེ་མཆོག་འཁོར་ལོའི་ཊི་ཀ།,I2473973F,MW1PD95844_2542,42
MW1PD95844_2762,དཔལ་ལྷ་མོ་ནག་མོ་ལ་བསྟོད་པ།,I24C26AA2,MW1PD95844_2762,47
MW1PD95844_2498,བཅོམ་ལྡན་འདས་དཔལ་བདེ་མཆོག་རྡོ་རྗེ་ནམ་མཁའ་ལྡིང་གི་བསྒྲུབ་ཐབས།,I25528372,MW1PD95844_2498,42
MW1PD95844_2642,དབང་ཅིག་ཅར་འཇུག་པའི་མན་ངག།,I26241C24,MW1PD95844_2642,44
MW1PD95844_2489,མི་ཕམ་མགོན་པོ་ལ་བསྟོད་པ་འཆི་སླུ་མ།,I26366987,MW1PD95844_2489,42
O2MS163914CZ188192,མཚན་ཡང་དག་པར་བརྗོད་པའི་འཁོར་ལོའི་རིམ་པ།,I27D94807,,33
MW1PD95844_2674,དཔལ་གཤིན་རྗེ་གཤེད་ནག་པོའི་འཁྲུལ་འཁོར་བསྐོར་བའི་ཆོ་ག་ལས། ལས་ཀྱི་རྒྱུད་དང་གྲོགས་བསྟན་པའི་རྟོག་པ།,I284EB1BB,MW1PD95844_2674,46
MW1PD95844_2812,ཚོགས་ཀྱི་བདག་པོའི་སྒྲུབ་ཐབས་འཁོར་ལོ་ཆེན་པོ།,I287F87A8,MW1PD95844_2812,47
MW1PD95844_1385,རྡོ་རྗེ་ཐེག་པའི་རྩ་བའི་ལྟུང་བ།,I289886AF,MW1PD95844_1385,27
MW1PD95844_2744,ཁྲོ་བོ་མི་གཡོ་མགོན་གྱི་སྒྲུབ་ཐབས།,I290C27F2,MW1PD95844_2744,47
MW1PD95844_2507,དཔལ་འཁོར་ལོ་བདེ་མཆོག་གི་རིམ་པ་ལྔ་པ།,I29373A90,MW1PD95844_2507,42
MW1PD95844_1706,ཕྱག་ན་རྡོ་རྗེ་རྡོ་རྗེ་སྙིང་པོའི་མན་ངག་ཅེས་བྱ་བའི་སྒྲུབ་ཐབས།,I2AB39F26,MW1PD95844_1706,37
MW1PD95844_2650,རྡོ་རྗེ་སེམས་དཔའ་སྒྱུ་འཕྲུལ་དྲ་བ་འོད་ཀྱི་ཕྱག་རྒྱ།,I2C4B2441,MW1PD95844_2650,44
MW1PD95844_2760,ལྷ་མོ་ནག་མོའི་བསྟོད་པ།,I2C523F52,MW1PD95844_2760,47
MW1PD95844_0940,གཤིན་རྗེ་གཤེད་ནག་པོའི་འཁོར་ལོའི་གསལ་བྱེད།,I2E28D6D7,MW1PD95844_0940,46
MW1PD95844_2580,རྣལ་འབྱོར་མདོར་བསྟན།,I2E4DC792,MW1PD95844_2580,42
MW1PD95844_2512,སྤྲ་ཁྲིད་ལུང་ཏེ་ལོའི་གསུངས།,I2F1C26F9,MW1PD95844_2512,42
MW1PD95844_0272,རྣལ་འབྱོར་ཡན་ལག་དྲུག་པ་ཞེས་བྱ་བ།,I3092062F,MW1PD95844_0272,42
O2MS163914CZ189774,དཔལ་ནག་པོ་ཆེན་པོའི་གསང་བའི་མན་ངག།,I3290423E,,47
MW1PD95844_2700,སེམས་དཔའི་ཕྱག་རྒྱ།,I32A6ACFB,MW1PD95844_2700,47
MW1PD95844_2592,བདུད་རྩི་ཐིགས་པ།,I3301D302,MW1PD95844_2592,43
O2MS163914CZ189656,གཤིན་གྱི་ཆོ་ག།,I3306DBBF,,46
MW1PD95844_1567,རྒྱན་དམ་པ་སྣ་ཚོགས་པ་རིམ་པར་ཕྱེ་བ་བཀོད་པ།,I3370D60A,MW1PD95844_1567,34
O2MS163914CZ189519,སྔགས་ཀྱི་བསྟན་ཆོས་གསང་བའི་མཛོད།,I33C0121A,,42
MW1PD95844_2745,གཏུམ་པོ་ཁྲོ་བོ་ཆེན་པོའི་སྒྲུབ་པ་དོན་དམ་པ།,I340D3F43,MW1PD95844_2745,47
MW1PD95844_0701,དབང་བཞི་པའི་རབ་ཏུ་བྱེད་པ།,I342AA21D,MW1PD95844_0701,26
MW1PD95844_0338,དཔལ་འཁོར་ལོ་སྡོམ་པ་ལ་བསྟོད་པ།,I344F4BB3,MW1PD95844_0338,42
MW1PD95844_0398,དབང་གི་རབ་ཏུ་བྱེད་པ།,I3453383A,MW1PD95844_0398,42
MW1PD95844_1051,ཚེ་དཔག་ཏུ་མེད་པ་ཞེས་བྱ་བའི་སྒྲུབ་ཐབས།,I34A3BB3E,MW1PD95844_1051,47
MW1PD95844_1766,གཏུམ་པོ་ཆེན་པོའི་སྒྲུབ་ཐབས།,I34BBEB99,MW1PD95844_1766,40
MW1PD95844_2617,རིམ་པ་དྲུག་པ།,I35349333,MW1PD95844_2617,43
MW1PD95844_2766,དཔལ་ལྡན་ལྷ་མོ་ནག་མོ་ལ་བསྟོད་པ།,I366922B0,MW1PD95844_2766,47
MW1PD95844_2834,ཚོགས་ཀྱི་བདག་པོ་ཁྲོ་བོའི་སྒྲུབ་ཐབས།,I36C9A24E,MW1PD95844_2834,47
MW1PD95844_3434,ཚད་མ་ཀུན་ལས་བཏུས་པ།,I36E5F505,MW1PD95844_3434,97
MW1PD95844_2784,དཔལ་ནག་པོ་ཆེན་པོ་བྱིན་བརླབས་ཅན་གྱི་སྒྲུབ་པའི་ཐབས།,I376DB51D,MW1PD95844_2784,47
MW1PD95844_2830,ཚོགས་བདག་གསང་སྒྲུབ།,I37B944F7,MW1PD95844_2830,47
MW1PD95844_2649,སྒྱུ་འཕྲུལ་ཚོགས་ཀྱི་འཁོར་ལོ་ཐུགས་ཀྱི་སྒྲུབ་པ།,I38454221,MW1PD95844_2649,44
MW1PD95844_2652,ཁྲོ་བོ་ཡང་དག་སྒྲོན་མ།,I38AA3075,MW1PD95844_2652,44
MW1PD95844_2012,ཨུ་ཊྱན་གྱི་རིམ་པའི་འོད་ཟེར་ཅན་གྱི་སྒྲུབ་པའི་ཐབས།,I391EA4D4,MW1PD95844_2012,40
MW1PD95844_2597,རྡོ་རྗེ་སེམས་དཔའི་སྒྱུ་འཕྲུལ་དྲ་བའི་དབང་གིས་གལ་པོ།,I3A8D6CD8,MW1PD95844_2597,43
MW1PD95844_1878,འཇམ་དཔལ་གྱི་སྒྲུབ་པའི་ཐབས།,I3A950A6C,MW1PD95844_1878,40
MW1PD95844_0674,ནག་པོ་ཆེན་པོའི་སྒྲུབ་ཐབས།,I3B42D622,MW1PD95844_0674,47
MW1PD95844_1477,འཇམ་དཔལ་དཔའ་བོ་གཅིག་པའི་སྒྲུབ་ཐབས།,I3B971391,MW1PD95844_1477,33
MW1PD95844_1196,རྡོ་རྗེའི་གླུ།,I3BEC707C,MW1PD95844_1196,27
MW1PD95844_2569,གསང་བའི་དབང་གི་རབ་ཏུ་བྱེད་པ།,I3C0CA1AC,MW1PD95844_2569,42
MW1PD95844_2618,སྒྱུ་འཕྲུལ་དྲ་བའི་མན་ངག་རིམ་པ་གསུམ་པ།,I3C4F0F8F,MW1PD95844_2618,43
MW1PD95844_2577,དགེས་པ་རྡོ་རྗེའི་མན་ངག,I3C83133C,MW1PD95844_2577,42
MW1PD95844_2515,རང་ཤར་ཕྱག་རྒྱ་ཆེན་པོའི་རྡོ་རྗེའི་ཚིག་རྐང་།,I3CD09B17,MW1PD95844_2515,42
MW1PD95844_2624,སྒྱུ་འཕྲུལ་དཔེ་ཆུང་རང་གནས་ཀྱི་རིམ་པ།,I3CEEDE93,MW1PD95844_2624,43
MW1PD95844_0287,རྗེ་བཙུན་འཕགས་མ་སྒྲོལ་མའི་སྒྲུབ་ཐབས།,I3F0943F0,MW1PD95844_0287,8
MW1PD95844_2605,གཡུའི་ཐང་མ་ཀྲས་དགུ།,I3F1A9497,MW1PD95844_2605,43
MW1PD95844_1979,གཤིན་རྗེ་དགྲ་ནག་པོའི་སྒྲུབ་ཐབས།,I3FEEC056,MW1PD95844_1979,40
MW1PD95844_1092,རྟེན་འབྲེལ་གྱི་མཐུས་བསྲུང་བ།,I413012C0,MW1PD95844_1092,25
MW1PD95844_2610,དྲ་བ་ཆུང་དུ།,I4131E704,MW1PD95844_2610,43
MW1PD95844_2723,ཚ་ཚཱའི་ཆོ་ག།,I416FBEEE,MW1PD95844_2723,47
MW1PD95844_2867,མཁའ་འགྲོ་མའི་དཀྱིལ་འཁོར་གྱི་སྒྲུབ་ཐབས་ཀྱི་རིམ་པ།,I4180446D,MW1PD95844_2867,47
MW1PD95844_2825,གསལ་བྱེད་ཉི་མའི་འཁོར་ལོས་དབང་དུ་བྱ་བ།,I41B21D24,MW1PD95844_2825,47
MW1PD95844_2571,ལྷན་ཅིག་སྐྱེས་པ་གྲུབ་པ།,I41FFFCA4,MW1PD95844_2571,42
MW1PD95844_1816,སྟོང་ཆེན་མོ་རབ་ཏུ་འཇོམས་མའི་སྒྲུབ་ཐབས།,I42445A3A,MW1PD95844_1816,38
MW1PD95844_2848,ཁྲོ་བོ་རེག་ཚིག་གི་དམ་ཚིག་གསང་བའི་བསྒྲུབ་ཐབས།,I42FB12E2,MW1PD95844_2848,47
O2MS163914CZ187923,གཎྜ་རའི་གླུ།,I43A363F4,,27
MW1PD95844_2672,དཔལ་ལྡན་གཤིན་རྗེ་གཤེད་ནག་པོའི་འཁྲུལ་འཁོར་བྲི་བའི་ཆོ་ག་རྒྱས་པའི་རྟོག་པ།,I43E7AD06,MW1PD95844_2672,46
O2MS163914CZ187730,སྦྱིན་སྲེག་གི་སྦྱོར་ཀ།,I444AAA84,,25
MW1PD95844_0072,དུས་མཆོད་ཆེན་མོ་བཞིའི་ཚིག་ལེའུར་བྱས་པ།,I448B91C4,MW1PD95844_0072,1
MW1PD95844_2824,སྔགས་ཀྱི་རྒྱལ་པོའི་དམ་ཚིག་དངོས་གྲུབ་སྒྲུབ་པའི་ཐབས།,I44B56FEA,MW1PD95844_2824,47
O2MS163914CZ189501,ཤྲཱི་བ་སན་ཏ་ཏི་ལ་ཀ།,I44BB5806,,42
MW1PD95844_1668,དོན་ཡོད་ཞགས་པའི་སྒྲུབ་ཐབས་མདོ་ལས་བསྡུས་པ།,I45994609,MW1PD95844_1668,47
MW1PD95844_1115,ཕྱག་ན་རྡོ་རྗེ་གོས་སྔོན་པོ་ཅན་གྱི་སྒྲུབ་པའི་ཐབས།,I45F64EF9,MW1PD95844_1115,37
MW1PD95844_2857,དཔལ་རྒྱུད་སྡེ་ལྔའི་དཀྱིལ་འཁོར་གྱི་ཆོ་ག་དེ་ཁོ་ན་ཉིད་བསྡུས་པ་གསང་བ།,I46164CA6,MW1PD95844_2857,47
MW1PD95844_2613,སྒྱུ་འཕྲུལ་མན་ངག་རྣམ་པར་བཀོད་པ།,I47055791,MW1PD95844_2613,43
MW1PD95844_2544,བདེ་གཤེགས་འཁོར་ལོའི་སྒྲུབ་པའི་ཐབས།,I4742D3A8,MW1PD95844_2544,42
MW1PD95844_2809,འཇིགས་བྱེད་ནག་པོ་ཆེན་པོའི་སྒྲུབ་ཐབས།,I47654ACE,MW1PD95844_2809,47
MW1PD95844_0073,ཨེ་ཀ་ནཱ་ཐའི་དོན་འགྲེལ།,I4856E5F3,MW1PD95844_0073,1
MW1PD95844_2493,རང་གི་ལྟ་བའི་འདོད་པ་མདོར་བསྟན་པ་ཡོངས་སུ་བརྟག་པ།,I49747D8A,MW1PD95844_2493,42
MW1PD95844_1268,ནཱ་རོ་པཎྜི་ཏིའི་གླུ།,I49C6F9DD,MW1PD95844_1268,27
MW1PD95844_2564,དཔལ་དགྱེས་པའི་རྡོ་རྗེའི་དཀའ་འགྲེལ་རིན་པོ་ཆེ་སྦྱོར་བའི་འཕྲེང་བ།,I49D3BDDD,MW1PD95844_2564,42
O2MS163914CZ187235,སྒྲོལ་མའི་ནང་གི་གཏོར་ཆོག།,I4A116ADB,,14
MW1PD95844_2608,སྒྱུ་འཕྲུལ་ཕྱག་རྒྱ་བསམ་གཏན།,I4A6A5444,MW1PD95844_2608,43
MW1PD95844_0677,དཔལ་ནག་པོ་ཆེན་པོ་ལ་བསྟོད་པ།,I4A95AD50,MW1PD95844_0677,47
MW1PD95844_2771,བྱིན་གྱིས་བརླབས་པ་ནག་པོ་ཆེན་པོའི་སྒྲུབ་ཐབས།,I4B34A4A6,MW1PD95844_2771,47
MW1PD95844_2504,རྣལ་འབྱོར་བཅུ་པ།,I4B4BBC4A,MW1PD95844_2504,42
MW1PD95844_0595,འཕགས་མ་སྒྲོལ་མ་ལ་བསྟོད་པ།,I4BB0DB0C,MW1PD95844_0595,47
MW1PD95844_2526,ནི་གུ་མའི་གདམས་པ།,I4CCC614A,MW1PD95844_2526,42
MW1PD95844_0817,རྒྱུད་ཀྱི་རྒྱལ་པོ་ཆེན་པོ་དཔལ་གསང་བ་འདུས་པའི་རྒྱ་ཆེར་འགྲེལ་པ།,I4D93CDDD,MW1PD95844_0817,46
MW1PD95844_2793,སྲོག་བདུད་ནག་པོའི་དབང་བསྡུས་པ་རིན་པོ་ཆེ་རྒྱས་པ།,I4DEC9CB4,MW1PD95844_2793,47
MW1PD95844_0451,རྡོ་རྗེ་རྣལ་འབྱོར་མའི་སྒྲུབ་ཐབས།,I4E0F38F1,MW1PD95844_0451,42
MW1PD95844_1238,ཚེ་བསྒྲུབ་པའི་ཐབས།,I4E1D055F,MW1PD95844_1238,47
MW1PD95844_1501,མཚན་ཡང་དག་པར་བརྗོད་པའི་དཀྱིལ་འཁོར་གྱི་ཆོ་ག,I4E316511,MW1PD95844_1501,33
MW1PD95844_2776,ལྷ་མོའི་སྲོག་སྒྲུབ།,I4E8BB1AA,MW1PD95844_2776,47
MW1PD95844_2647,ཨིནྡྲ་བྷཱུ་ཏིའི་རིམ་པ་གཉིས་པ།,I4EF4F698,MW1PD95844_2647,44
MW1PD95844_1948,སོ་སོར་འབྲང་མ་ཆེན་མོའི་སྒྲུབ་ཐབས།,I4F3D377D,MW1PD95844_1948,40
MW1PD95844_2761,དཔལ་ལྷ་མོ་ནག་མོ་ལ་བསྟོད་པ།,I4F521167,MW1PD95844_2761,47
MW1PD95844_1166,གྲུབ་མཐའ་བདུན་པ།,I4F8FD8BD,MW1PD95844_1166,26
MW1PD95844_2714,གཞལ་ཡས་ཁང་སྦྱིན་པ།,I4FB400C1,MW1PD95844_2714,47
MW1PD95844_2606,སྒྱུ་འཕྲུལ་དྲ་བ་མེ་ལོང་ལྟ་བུའི་བསྒྲུབ་ཐབས།,I4FBAB3EB,MW1PD95844_2606,43
MW1PD95844_2620,དམ་ཚིག་གསལ་བཀྲ།,I4FF794AF,MW1PD95844_2620,43
MW1PD95844_2802,མགོན་པོ་བྱ་རོག་གདོང་གི་གཏོར་མདོས།,I504940D4,MW1PD95844_2802,47
MW1PD95844_2538,བཅོམ་ལྡན་འདས་བདེ་མཆོག་འཁོར་ལོའི་བསྟོད་པ།,I505ABB4D,MW1PD95844_2538,42
MW1PD95844_2659,དྲན་པ་གཅིག་པ།,I51059456,MW1PD95844_2659,44
MW1PD95844_2763,དཔལ་ལྷ་མོ་ནག་མོ་ལ་བསྟོད་པ།,I537C4DF1,MW1PD95844_2763,47
MW1PD95844_2846,རེག་འབིགས་མའི་བསྒྲུབ་ཐབས།,I5383306B,MW1PD95844_2846,47
O2MS163914CZ189790,སྣ་ཚོགས་ནོར་བུ་བདེ་མཆོག་འཁོར་ལོའི་སྒྲུབ་ཐབས།,I539CC597,,47
O2MS163914CZ189467,ཆོས་དྲུག་རྡོ་རྗེའི་ཚིག་རྐང་།,I541E2E81,,42
MW1PD95844_2643,བདེ་བ་ཆེན་པོ་ཕྱག་རྒྱའི་མན་ངག།,I54221421,MW1PD95844_2643,44
MW1PD95844_0817,རྒྱུད་ཀྱི་རྒྱལ་པོ་ཆེན་པོ་དཔལ་གསང་བ་འདུས་པའི་རྒྱ་ཆེར་འགྲེལ་པ།,I544A0B29,MW1PD95844_0817,44
MW1PD95844_1983,གཤིན་རྗེ་མཐར་བྱེད་ཀྱི་སྒྲུབ་ཐབས།,I5479AACA,MW1PD95844_1983,40
MW1PD95844_2550,རྡོ་རྗེ་རྣལ་འབྱོར་མ་དབུ་བཅད་མའི་སྒྲུབ་ཐབས།,I54CCFC93,MW1PD95844_2550,42
MW1PD95844_2515,རང་ཤར་ཕྱག་རྒྱ་ཆེན་པོའི་རྡོ་རྗེའི་ཚིག་རྐང་།,I54EDDD29,MW1PD95844_2515,42
O2MS163914CZ189832,བླ་མ་གསང་བར་སྒྲུབ་པ།,I54F45330,,47
O2MS163914CZ189813,ཨཱ་པ་ར་ཙ་ཏ་རིན་ཆེན་བཟང་པོའི་སྒྲུབ་ཐབས།,I556AACED,,47
MW1PD95844_2742,མི་གཡོ་བའི་འཁོར་ལོ།,I58696916,MW1PD95844_2742,47
MW1PD95844_3554,རི་མོའི་མཚན་ཉིད།,I592E3166,MW1PD95844_3554,114
MW1PD95844_2588,རིགས་ལྡན་མའི་སྒྲུབ་ཐབས།,I59A90CA2,MW1PD95844_2588,42
MW1PD95844_2733,ཐམས་ཅད་གྲུབ་པ་དཔལ་འཕེལ་ལྷ་མོ་ལ་སློབ་དཔོན་ཀླུ་སྒྲུབ་ཀྱིས་བསྟོད་པ།,I59DB30EE,MW1PD95844_2733,47
MW1PD95844_1478,མཚན་ཡང་དག་པར་བརྗོད་པའི་ཆོ་ག་མདོ་དང་བསྲེས་པ།,I5BCEA00C,MW1PD95844_1478,33
MW1PD95844_2817,ཚོགས་ཀྱི་བདག་པོ་ལ་བསྟོད་པ།,I5C448C84,MW1PD95844_2817,47
MW1PD95844_0451,རྡོ་རྗེ་རྣལ་འབྱོར་མའི་སྒྲུབ་ཐབས།,I5CE6D6C5,MW1PD95844_0451,42
MW1PD95844_2770,དཔལ་མགོན་ཞལ་བཞི་པའི་བསྟོད་ཆེན།,I5D0F8044,MW1PD95844_2770,47
MW1PD95844_2769,དཔལ་ལྡན་ལྷ་མོ་དུད་སོལ་མའི་རྗེས་གནང་།,I5D559521,MW1PD95844_2769,47
MW1PD95844_2348,འཕགས་པ་ཁ་སརྤ་ཎཱི་འཇིག་རྟེན་མགོན་པོའི་སྒྲུབ་ཐབས།,I5D85CBD5,MW1PD95844_2348,40
MW1PD95844_2735,འཕགས་མ་སྒྲོལ་མའི་བཀྲ་ཤིས་པ།,I5DBC8A8F,MW1PD95844_2735,47
MW1PD95844_2535,དཔལ་འཁོར་ལོ་སྡོམ་པ་བཅུ་གསུམ་གྱི་བདག་ཉིད་ཅན་ལ་མཆོད་པའི་ཆོ་ག།,I5E0552D8,MW1PD95844_2535,42
MW1PD95844_2695,འཕགས་པ་དོན་ཡོད་ཞགས་པའི་སྒྲུབ་ཐབས།,I600C7607,MW1PD95844_2695,47
MW1PD95844_2590,རྗེ་བཙུན་ཀུ་རུ་ཀུ་ལེ་ལ་བསྟོད་པ།,I61FF2171,MW1PD95844_2590,42
MW1PD95844_2753,ནག་པོ་ཆེན་པོའི་བསྟོད་པ།,I6295494B,MW1PD95844_2753,47
MW1PD95844_2656,སྤྱོད་ཡུལ་སྦྱོང་བའི་བསམ་གཏན།,I63A43687,MW1PD95844_2656,44
MW1PD95844_2678,འཆི་བ་བླུ་བའི་བསྡུས་དོན།,I6438B472,MW1PD95844_2678,46
MW1PD95844_2028,ཁ་སརྤ་ཎིའི་སྒྲུབ་ཐབས།,I64B01002,MW1PD95844_2028,40
MW1PD95844_0631,རལ་གཅིག་མའི་སྒྲུབ་ཐབས།,I64E841BE,MW1PD95844_0631,39
MW1PD95844_1947,རྡོ་རྗེའི་ཙ་རྩི་ཀའི་སྒྲུབ་ཐབས།,I6594433B,MW1PD95844_1947,39
MW1PD95844_2817,འཕགས་པ་ཚོགས་ཀྱི་བདག་པོ་ལ་བསྟོད་པ།,I662ADC44,MW1PD95844_2817,47
MW1PD95844_2750,དཔལ་ནག་པོ་ཆེན་པོའི་སྲོག་གི་སྤུ་གྲིའི་སྒྲུབ་ཐབས།,I66D4654F,MW1PD95844_2750,47
MW1PD95844_0385,དཔལ་འཁོར་ལོ་སྡོམ་པ་བཅུ་གསུམ་མའི་བདག་ཉིད་ཀྱི་དབང་བསྐུར་བའི་ཆོ་ག།,I67393FA6,MW1PD95844_0385,42
MW1PD95844_2539,མངོན་པར་རྟོགས་པའི་སྙིང་པོ།,I67D2A3FD,MW1PD95844_2539,42
MW1PD95844_2705,རྡོ་རྗེ་གཏུམ་མོའི་སྒོ་ནས་ཕྱིར་བཟློག་པའི་འཁོར་ལོ།,I686B68B8,MW1PD95844_2705,47
MW1PD95844_2866,རྒྱལ་བ་སྐྱེད་མའི་རྣམ་པར་དབྱེ་བ་ངེས་པར་བསྟན་པ།,I69410073,MW1PD95844_2866,47
MW1PD95844_0451,རྡོ་རྗེ་རྣལ་འབྱོར་མའི་སྒྲུབ་ཐབས།,I695394F9,MW1PD95844_0451,42
MW1PD95844_2638,སྒྱུ་འཕྲུལ་དབང་གི་གལ་པོའི་དོན་འགྲེལ།,I69755D29,MW1PD95844_2638,44
MW1PD95844_1782,གདུགས་དཀར་མོ་ཅན་གཞན་གྱིས་མི་ཐུབ་མ་ཕྱིར་བཟློག་པ་ཞེས་བྱ་བའི་གཟུངས་ཀྱི་སྒྲུབ་ཐབས།,I69961042,MW1PD95844_1782,38
MW1PD95844_2485,རྡོ་རྗེ་མཁའ་འགྲོའི་རྣམ་པར་འགྲེལ་པའི་བཤད་སྦྱར།,I69F3E846,MW1PD95844_2485,42
MW1PD95844_2525,ཌཱ་ཀིའི་ཞལ་གདམས།,I6A0A503C,MW1PD95844_2525,42
MW1PD95844_0388,བཅུ་གསུམ་གྱི་བདག་ཉིད་དཔལ་འཁོར་ལོ་སྡོམ་པའི་དཀྱིལ་འཁོར་གྱི་ཆོ་ག།,I6A3E62EC,MW1PD95844_0388,42
MW1PD95844_2767,ལས་མཁན་གྱི་བསྟོད་པ་བཞུགས།,I6BEEBBF9,MW1PD95844_2767,47
MW1PD95844_2800,དཔལ་མགོན་པོ་བྱ་རོག་མའི་བསྐངས་ཀྱི་ཆོ་གའི་རིམ་པ།,I6C8D0B88,MW1PD95844_2800,47
O2MS163914CZ189470,དཔལ་འཁོར་ལོ་སྡོམ་པ་མྱུར་དུ་སྒྲུབ་པ།,I6CEFCF1A,,42
MW1PD95844_2614,ཐུགས་ཀྱི་ཐིགས་པ།,I6E2B000F,MW1PD95844_2614,43
MW1PD95844_2782,བྱིན་གྱིས་བརླབས་པའི་ནག་པོའི་སྒྲུབ་ཐབས།,I6EAA4AE7,MW1PD95844_2782,47
MW1PD95844_2774,མགོན་པོའི་བཀྲ་ཤིས་ཡོན་ཏན་རྒྱ་མཚོ།,I6EBABFC2,MW1PD95844_2774,47
MW1PD95844_2660,སྒྱུ་འཕྲུལ་ཆེན་མོའི་མན་ངག།,I6F7C92D0,MW1PD95844_2660,44
MW1PD95844_2619,སེམས་བསྐྱེད་པའི་ཆོ་ག་མདོར་བཤད་པ།,I7045A744,MW1PD95844_2619,43
MW1PD95844_2393,འཕགས་མ་ལྷ་མོ་སྒྲོལ་མའི་བསྟོད་པ།,I7225E254,MW1PD95844_2393,47
MW1PD95844_2593,ཐབས་ཀྱི་ཞགས་པ་པདྨོའི་འཕྲེང་བའི་འགྲེལ་པ།,I72807882,MW1PD95844_2593,43
MW1PD95844_2552,དཔལ་རྡོ་རྗེ་ཕག་མོ་ཤེས་རབ་གསལ་བྱེད་ཅེས་བྱ་བའི་སྒྲུབ་ཐབས།,I74008CCD,MW1PD95844_2552,42
MW1PD95844_2533,དེ་ཉིད་བདུན་གྱི་འགྲེལ་པ།,I7550581C,MW1PD95844_2533,42
MW1PD95844_2436,བགེགས་ཀྱི་རྒྱལ་པོའི་སྒྲུབ་ཐབས།,I76585E5E,MW1PD95844_2436,47
MW1PD95844_2862,རྟེན་འབྲེལ་སྙིང་པོའི་སྔགས་ཐེམ་ཞིབ་མོར་བཀོད་པ།,I7737EDE8,MW1PD95844_2862,47
MW1PD95844_2796,དབང་བསྐུར་གྱི་ཆོ་ག་རིན་ཆེན་ཕྲེང་འདྲ།,I777776C5,MW1PD95844_2796,47
O2MS163914CZ189452,དཔའ་བོ་གཅིག་པའི་བསྒྲུབ་ཐབས།,I77A99D13,,42
MW1PD95844_2037,ཨུ་ཊྱན་གྱི་འོད་ཟེར་ཅན་གྱི་སྒྲུབ་པའི་ཐབས།,I77EA703C,MW1PD95844_2037,40
MW1PD95844_2648,ཞི་བའི་ལྷ་རྒྱུད།,I77F4144D,MW1PD95844_2648,44
MW1PD95844_1672,དཔལ་འཇིག་རྟེན་དབང་ཕྱུག་མཁའ་ལ་གཤེགས་པའི་སྒྲུབ་ཐབས་རྒྱས་པ།,I787B7FB8,MW1PD95844_1672,37
MW1PD95844_2609,ན་མོ་རིན་ཆེན་མངོན་རྫོགས།,I78C1B445,MW1PD95844_2609,43
MW1PD95844_0639,དུས་མཚམས་སྲང་མདའི་ལས།,I78CDEB4A,MW1PD95844_0639,14
MW1PD95844_2612,ལམ་རྣམ་པར་བཀོད་པ་སངས་རྒྱས་གསང་བའི་མན་ངག།,I7946AA1C,MW1PD95844_2612,43
MW1PD95844_2601,རྣལ་འབྱོར་ཆེན་པོ་ཤེས་རབ་སྤྱན་འབྱེད་ཀྱི་མན་ངག།,I79C061AE,MW1PD95844_2601,43
MW1PD95844_0448,རྣལ་འབྱོར་མའི་སྒྲུབ་ཐབས།,I7A714805,MW1PD95844_0448,42
O2MS163914CZ189469,ཆོས་སྤྱོད་མི་དགེ་རང་གྲོལ།,I7B5CA4DB,,42
MW1PD95844_2790,ནག་པོ་ཆེན་པོ་ཕྱག་བཞི་པའི་སྒྲུབ་ཐབས།,I7B994E31,MW1PD95844_2790,47
O2MS163914CZ189498,སངས་རྒྱས་འབྱུང་བ།,I7C733130,,42
MW1PD95844_0674,དཔལ་ནག་པོ་ཆེན་པོའི་སྒྲུབ་ཐབས།,I7C7331B0,MW1PD95844_0674,47
MW1PD95844_2625,སྐུ་གདུང་ལས་ཀྱི་འཕྲེང་བ།,I7CEB7C55,MW1PD95844_2625,43
O2MS163914CZ189529,སྦྱོར་བ་མདོར་བསྡུས།,I7D57155A,,42
MW1PD95844_2820,བགེགས་བདག་གི་སྦྱིན་སྲེག་གི་ཆོ་ག་རབ་ཏུ་བཤད་པ།,I7D858FF1,MW1PD95844_2820,47
MW1PD95844_2826,དཔལ་ཚོགས་ཀྱི་བདག་པོ་ཞི་བའི་སྒྲུབ་ཐབས།,I7E78C8A4,MW1PD95844_2826,47
MW1PD95844_2637,སྒྱུ་འཕྲུལ་ཁྲོ་བོའི་དབང་བསྐུར་བ་དཀྱིལ་འཁོར་རྡོ་རྗེ་ལས་ཀྱི་རིམ་པ།,I7ED006C4,MW1PD95844_2637,44
MW1PD95844_2661,རྡོ་རྗེ་བདུད་རྩི་གསུམ་གྱི་མངོན་པར་རྟོགས་པ།,I7F376436,MW1PD95844_2661,44
O2MS163914CZ189836,མངོན་པར་རྟོགས་པ་མུ་ཏིག་གི་ཕྲེང་བ།,I7FE185C8,,47
MW1PD95844_2732,བདེ་བའི་འབྱུང་གནས་དཔལ་ལྡན་རྗེ་བཙུན་མ་ལ་བསྟོད་པ།,I807722A0,MW1PD95844_2732,47
MW1PD95844_2807,རྗེ་བཙུན་དཔལ་ནག་པོ་ཆེན་པོའི་སྒྲུབ་ཐབས་མན་ངག་མདོར་བསྡུས་པ།,I815E44BC,MW1PD95844_2807,47
MW1PD95844_2628,སྐབས་འགྲེལ་བྱེ་བྲག་རྣམ་པར་བཤད་པ།,I816EB643,MW1PD95844_2628,43
MW1PD95844_2706,ཨཱུ་ཎི་ཤ་སྔགས་ཀྱི་མན་ངག་གི་སྒྲུབ་ཐབས།,I8315EEE8,MW1PD95844_2706,47
MW1PD95844_0674,དཔལ་ནག་པོ་ཆེན་པོའི་སྒྲུབ་ཐབས།,I831C722A,MW1PD95844_0674,47
MW1PD95844_2478,ཆུ་གཏོར་གྱི་ཆོ་ག།,I84380F04,MW1PD95844_2478,47
MW1PD95844_2573,འཇིག་རྟེན་མགོན་པོའི་བསྟོད་པ།,I84EF5BC2,MW1PD95844_2573,42
MW1PD95844_3529,ཉེ་བསྒྱུར་གྱི་མཚན་ཉིས་བཤད་པ།,I8543578D,MW1PD95844_3529,109
MW1PD95844_2709,སྒྲོལ་མ་ཨཱུ་གྲའི་མཆོད་པའི་ཆོ་ག།,I87886DB2,MW1PD95844_2709,47
MW1PD95844_1479,འཇམ་དཔལ་གྱི་མཚན་ཡང་དག་པར་བརྗོད་པའི་སྤྱན་དབྱེ་བའི་ཆོ་ག།,I8999EF40,MW1PD95844_1479,47
MW1PD95844_0066,འཇིག་རྟེན་དབང་ཕྱུག་གི་བསྟོད་པ་རིན་པོ་ཆེའི་ཕྲེང་བ།,I89BA42F9,MW1PD95844_0066,47
MW1PD95844_0677,ནག་པོ་ཆེན་པོ་ལ་བསྟོད་པ།,I8A33CDEC,MW1PD95844_0677,47
MW1PD95844_2562,རྡོ་རྗེ་རྣལ་འབྱོར་མ་སྦས་པའི་སྒོམ་པ།,I8A6849F9,MW1PD95844_2562,42
MW1PD95844_1902,སྒྲོལ་མ་ནོར་སྦྱིན་མའི་སྒྲུབ་ཐབས།,I8B69EFF7,MW1PD95844_1902,47
MW1PD95844_2698,དཔལ་འཇིག་རྟེན་མགོན་པོ་མཁའ་ལ་སྤྱོད་པའི་སྒྲུབ་ཐབས།,I8C2B1BB4,MW1PD95844_2698,47
O2MS163914CZ189477,སྒྱུ་མ་ལམ་གྱི་རིམ་པའི་འགྲེལ་པ།,I8C443634,,42
MW1PD95844_1030,བླ་མའི་མཎྜལ་ཡི་དམ་གྱི་ཆོ་ག།,I8DC9AC94,MW1PD95844_1030,25
MW1PD95844_1700,རྡོ་རྗེ་གོས་སྔོན་པོ་ཅན་གྱི་ཆུ་གཏོར།,I8DEF5B5F,MW1PD95844_1700,37
MW1PD95844_0677,དཔལ་ནག་པོ་ཆེན་པོ་ལ་བསྟོད་པ།,I8EB50205,MW1PD95844_0677,14
MW1PD95844_2558,རིག་པ་འཛིན་མ་རྩེན་མའི་རྗེས་གནང་སྒྲུབ་ཐབས།,I8F1E9CED,MW1PD95844_2558,42
MW1PD95844_2828,འཕགས་པ་ཚོགས་ཀྱི་བདག་པོའི་སྦྱིན་སྲེག་གི་ཆོ་ག།,I8F8006AA,MW1PD95844_2828,47
MW1PD95844_2655,ཁྲོ་བོ་ཕྱག་རྒྱ་གཅིག་པ།,I90D0DD3C,MW1PD95844_2655,44
MW1PD95844_2604,ལྟ་བའི་རིམ་པ་ཡི་མན་ངག།,I9237D2B2,MW1PD95844_2604,43
MW1PD95844_2850,ཁྲོ་བོ་རེག་ཚིག་གི་གཏོར་ཆོག།,I923E1663,MW1PD95844_2850,47
MW1PD95844_2651,ཁྲོ་བོ་ལས་ཀྱི་འཕྲེང་བ་བསྡུས་པ།,I92B7B284,MW1PD95844_2651,44
MW1PD95844_2587,ཀུ་རུ་ཀུལླེའི་ལས་སྦྱོར་གྱི་མན་ངག།,I93099499,MW1PD95844_2587,42
O2MS163914CZ189448,གཉིས་སུ་མེད་པའི་རྣལ་འབྱོར།,I93312E2D,,42
MW1PD95844_2639,སྒྱུ་འཕྲུལ་དྲ་བ་ལྷན་ཅིག་སྐྱེས་པའི་ཡེ་ཤེས་སྣང་བ།,I9401F11B,MW1PD95844_2639,44
MW1PD95844_0451,རྡོ་རྗེ་རྣལ་འབྱོར་མའི་སྒྲུབ་ཐབས།,I9440249C,MW1PD95844_0451,42
MW1PD95844_3440,ཚད་མ་རིགས་པར་འཇུག་པའི་སྒོ་ཞེས་བྱ་བའི་རབ་ཏུ་བྱེད་པ།,I96846EF2,MW1PD95844_3440,97
MW1PD95844_2675,དཔལ་རྡོ་རྗེ་འཇིགས་བྱེད་ཀྱི་རྒྱུད་ཀྱི་འགྲེལ་པ་མན་ངག་དང་ལྡན་པའི་རྒྱན།,I97528283,MW1PD95844_2675,46
MW1PD95844_0604,འཆི་བ་བསླུ་བ།,I999BFEF4,MW1PD95844_0604,47
MW1PD95844_2646,སྒྱུ་འཕྲུལ་དྲ་བ་རབ་ཏུ་གནས་པའི་ཆོ་གའི་རིམ་པ།,I9AE51453,MW1PD95844_2646,44
MW1PD95844_2854,བླ་མ་ནང་གི་སྒྲུབ་པ།,I9AE5FC50,MW1PD95844_2854,47
MW1PD95844_2777,དཔལ་ལྡན་ལྷ་མོ་ཆེན་པོའི་གསང་བའི་སྒྲུབ་ཐབས།,I9C2CBCB8,MW1PD95844_2777,47
MW1PD95844_2662,རྡོ་རྗེ་དྲིལ་ཐབས་ཀྱི་མཆོད་པའི་ཆོ་ག།,I9C4300FF,MW1PD95844_2662,44
MW1PD95844_2584,བདག་མེད་མའི་སྟོབས་ཀྱི་འཁོར་ལོ་སྒྲུབ་པའི་ཐབས།,I9C676CB4,MW1PD95844_2584,42
MW1PD95844_1611,བཅོམ་ལྡན་འདས་འཇམ་པའི་དབྱངས་ཀྱི་དཔྱད་པ།,I9CAA9A17,MW1PD95844_1611,37
MW1PD95844_2791,ཡེ་ཤེས་མགོན་པོ་གྲི་གུག་ཅན་གྱི་བདག་བསྐྱེད་བཟླས་པ་བསྟོད་པ་རྣམས།,I9D00F140,MW1PD95844_2791,47
MW1PD95844_1267,ཨཱ་ཙརྱ་དཔའ་བོ་རྣམ་པར་སྣང་མཛད་ཀྱི་གླུ།,I9E65DCF1,MW1PD95844_1267,27
MW1PD95844_2621,དམ་ཚིག་ཕྲ་རྒྱས་བསྟན་པ།,I9F454B2C,MW1PD95844_2621,43
MW1PD95844_2570,དཔལ་མཆོག་ཏུ་གྱུར་པའི་ངོ་བོ་ཉིད་བདེ་བ་ཆེན་པོའི་གོ་འཕང་རྡོ་རྗེ་ཞེས་བྱ་བའི་ཏིང་ངེ་འཛིན།,I9FA66950,MW1PD95844_2570,42
MW1PD95844_2509,རྡོ་རྗེ་ཐེག་པའི་རྩ་བ་དང་ཡན་ལག་གི་ལྟུང་བའི་བཤགས་པ།,I9FE59549,MW1PD95844_2509,42
MW1PD95844_2851,ལྷ་ཆེན་པོ་གསུམ་གྱི་བསྒྲུབ་ཐབས།,I9FE6677B,MW1PD95844_2851,47
MW1PD95844_2673,འཇམ་དཔལ་གྱི་རྟོག་པ་ལས་དམ་རྫས་བདུད་རྩི་སྨན་དུ་སྒྲུབས་ཏེ་བསྟེན་པའི་རྟོག་པ།,IA005826A,MW1PD95844_2673,46
MW1PD95844_2550,ཤེས་རབ་སྣང་བ་སྒྲུབ་པའི་ཐབས།,IA152295A,MW1PD95844_2550,42
MW1PD95844_2641,གསང་བའི་ཐིགས་པའི་མན་ངག་གི་འགྲེལ་པ།,IA22E664E,MW1PD95844_2641,44
MW1PD95844_2853,ཕྱི་སྒྲུབ་ཀྱི་རྟེན་འབྲེལ་པན་ཆེན་བྷི་བུ་ཏི་ཙནྟྲས་མཛད་པ།,IA22FFABB,MW1PD95844_2853,47
MW1PD95844_2726,འཕགས་མ་སྒྲོལ་མ་ལ་བསྟོད་པ་སྨོན་ལམ་གྲུབ་པ།,IA23E2E57,MW1PD95844_2726,47
MW1PD95844_2811,གླང་པོ་རིན་པོ་ཆེ་ལ་ནོར་བླང་བའི་མན་ངག།,IA2EA47A1,MW1PD95844_2811,47
MW1PD95844_2491,དུས་ཀྱི་འཁོར་ལོའི་རྒྱུད་ཀྱི་སྙིང་པོའི་འགྲེལ་པ་དྲི་མ་མེད་པའི་འོད།,IA32A35C3,MW1PD95844_2491,42
MW1PD95844_2626,ཟ་ཚོགས་གཏོར་མའི་ལུང་།,IA3701DAB,MW1PD95844_2626,43
MW1PD95844_2094,རིགས་བྱེད་མའི་སྒྲུབ་ཐབས།,IA3A2BA88,MW1PD95844_2094,40
MW1PD95844_2569,ཧེ་རུ་ཀ་དྲན་པ་གཅིག་པའི་སྒྲུབ་ཐབས།,IA3ABF708,MW1PD95844_2569,42
MW1PD95844_2713,དམ་ཚིག་སྦས་པ།,IA40450C8,MW1PD95844_2713,47
MW1PD95844_2607,རྡོ་རྗེ་སེམས་དཔའ་སྒྱུ་འཕྲུལ་དྲ་བའི་འོད་ཀྱི་རིམ་པ།,IA4AB2F7A,MW1PD95844_2607,43
O2MS163914CZ189842,སེམས་རིན་པོ་ཆེ་སྦྱོང་བར་བྱེད་པ།,IA627070A,,47
MW1PD95844_2510,ཛཱ་ལན་དྷ་ར་པས་བསྟོད་པ།,IA6856588,MW1PD95844_2510,42
MW1PD95844_2627,གསང་བའི་མདོ་དོན་བསྡུས་པ།,IA70E0AC7,MW1PD95844_2627,43
O2MS163914CZ190867,བྱ་རོག་གི་སྐད་བརྟག་པ།,IA74E90C0,,114
MW1PD95844_1817,གསང་སྔགས་རྗེས་སུ་འཛིན་མའི་སྒྲུབ་ཐབས།,IA7E913CD,MW1PD95844_1817,40
MW1PD95844_1878,འཇམ་དཔལ་གྱི་སྒྲུབ་པའི་ཐབས།,IA8983882,MW1PD95844_1878,40
MW1PD95844_1029,ཐུན་མོང་གི་དངོས་གྲུབ་རིན་པོ་ཆེ་སྒྲུབ་པའི་ཐབས་ཀྱི་མན་ངག།,IA9E7F784,MW1PD95844_1029,25
MW1PD95844_2645,བི་མ་ལས་མཛད་པའི་ཚིགས་རྐང་བཅུ་དགུ་པ།,IA9E8429E,MW1PD95844_2645,44
MW1PD95844_1000,མཚན་ཡང་དག་པར་བརྗོད་པའི་འགྲེལ་པ་ཚུལ་གསུམ་གསལ་བ།,IAA860FD6,MW1PD95844_1000,24
MW1PD95844_2833,འདོད་པའི་དབང་ཕྱུག་གི་བསྟོད་པ།,IAAA40BAB,MW1PD95844_2833,47
MW1PD95844_2139,འཇམ་དཔལ་ངག་གི་རྒྱལ་པོའི་སྒྲུབ་ཐབས།,IAB666494,MW1PD95844_2139,47
MW1PD95844_2806,རང་གནས་པ་ནག་པོ་ཆེན་པོའི་སྒྲུབ་ཐབས།,IAB9A1AE4,MW1PD95844_2806,47
MW1PD95844_3552,སྐུ་གསུང་ཐུགས་ཀྱི་ཆ་ཚད།,IAC225529,MW1PD95844_3552,114
MW1PD95844_0677,ནག་པོ་ཆེན་པོ་ལ་བསྟོད་པ།,IAC7B6557,MW1PD95844_0677,47
MW1PD95844_2792,དཔལ་ནག་པོ་ཆེན་པོའི་བསྟོད་པ་འཕྲེང་འཛིན་ཆོས་ཀྱི་ཉིན་བྱེད།,IAC84B2F2,MW1PD95844_2792,47
MW1PD95844_2108,དཔལ་ཁ་སརྤ་ཎིའི་སྒྲུབ་ཐབས།,IACBA614B,MW1PD95844_2108,40
MW1PD95844_2532,རྣམ་པར་གྲོལ་བའི་སྙེ་མ་ཞེས་བྱ་བའི་གླུ།,IAD08780F,MW1PD95844_2532,42
MW1PD95844_2559,རྡོ་རྗེ་ཕག་མོ་རིག་པ་འཛིན་མ་རྩེན་མའི་སྒྲུབ་པའི་ཐབས།,IAD756B6F,MW1PD95844_2559,42
MW1PD95844_2594,རྒྱུད་ཀྱི་རྒྱལ་པོ་ཆེན་པོ་དཔལ་གསང་བའི་སྙིང་པོའི་འགྲེལ་པ།,IAE38EC34,MW1PD95844_2594,43
MW1PD95844_2658,དཔལ་སྒྱུ་འཕྲུལ་ཆེན་མོའི་གཏོར་མའི་ཆོ་ག།,IAE546FA5,MW1PD95844_2658,44
MW1PD95844_2764,དཔལ་ལྷ་མོ་ལ་བསྟོད་པ།,IAF3A5F1D,MW1PD95844_2764,47
MW1PD95844_2546,དབང་བཞི་པའི་རྣམ་པར་བཞག་པའོ།,IB003F23B,MW1PD95844_2546,42
MW1PD95844_2633,སྒྱུ་འཕྲུལ་དྲ་བ་རིན་པོ་ཆེ་འོད་ཀྱི་སྣང་བ།,IB004EB80,MW1PD95844_2633,44
MW1PD95844_2727,བཅོམ་ལྡན་འདས་འཕགས་མ་སྒྲོལ་མ་ལ་བསྟོད་པ།,IB0EBE80E,MW1PD95844_2727,47
MW1PD95844_2737,འཕགས་མ་སྒྲོལ་མའི་མཚན་ངེས་པ།,IB129B1B6,MW1PD95844_2737,47
MW1PD95844_2779,ནག་པོ་ཆེན་པོ་ཕུར་པར་སྒྲུབ་པ།,IB132B3B1,MW1PD95844_2779,47
MW1PD95844_2778,རྡོ་རྗེ་མཁའ་སྤྱོད་མ་སྒྲུབ་པའི་ཐབས།,IB1BB86C8,MW1PD95844_2778,47
MW1PD95844_2683,གཤིན་རྗེ་གཤེད་དམར་པོའི་འཁྲུལ་འཁོར་གྱི་དེ་ཉིད་བཤད་པ་ཞེས་བྱ་བའི་བསྒྲུབ་ཐབས།,IB1D99919,MW1PD95844_2683,46
MW1PD95844_2487,རྒྱུན་ཆགས་ཀྱི་ཚིགས་སུ་བཅད་པས་བསྟོད་པ།,IB1DAFDB1,MW1PD95844_2487,42
MW1PD95844_1262,གླུ།,IB21FC787,MW1PD95844_1262,27
MW1PD95844_2704,རྡོ་རྗེ་འཛིན་པ་ཕྱག་ན་རྡོ་རྗེའི་ལས་བསྒྲུབ་པའི་ཐབས།,IB24C2704,MW1PD95844_2704,47
O2MS163914CZ189762,ནག་པོ་ཆེན་པོའི་བསྟོད་པ་རྔམ་པ་སྒྲ་སྒྲོགས།,IB2EB1E32,,47
MW1PD95844_2734,རྗེ་བཙུན་མ་འཕགས་མ་སྒྲོལ་མ་ལ་ཁ་ཆེ་ཉི་མ་སྦས་པས་བསྟོད་པ།,IB3069420,MW1PD95844_2734,47
O2MS163914CZ189761,གསང་བའི་སྒྲུབ་ཐབས།,IB3344EA4,,47
MW1PD95844_1815,རྨ་བྱ་ཆེན་མོའི་སྒྲུབས་ཐབས།,IB433E75A,MW1PD95844_1815,38
MW1PD95844_0677,ནག་པོ་ཆེན་པོ་ལ་བསྟོད་པ།,IB45A07AA,MW1PD95844_0677,47
MW1PD95844_2578,བྱཱ་ལའི་མན་ངག།,IB484BE01,MW1PD95844_2578,42
O2MS163914CZ189838,མན་ངག་གི་སྙེ་མ།,IB6431279,,47
MW1PD95844_2544,འཆི་བདག་གཞོམ་པ་ཞེས་བྱ་བའི་སྒྲུབ་ཐབས།,IB749A175,MW1PD95844_2544,42
MW1PD95844_2752,ནག་པོ་ཆེན་པོའི་གཏོར་མའི་ཆོ་ག།,IB7994A20,MW1PD95844_2752,47
MW1PD95844_2712,དབང་གི་མན་ངག།,IB7BA28E8,MW1PD95844_2712,47
MW1PD95844_0225,རོ་བསྲེག་པའི་ཆོ་ག།,IB8862508,MW1PD95844_0225,47
MW1PD95844_2636,མཚན་ཉིད་སྒྲོན་མ།,IB8A68B4B,MW1PD95844_2636,44
MW1PD95844_2496,ཚིགས་བཅད་བཅུ་པ་ཞེས་བྱ་བ་ལམ་གྱི་རིམ་པ།,IB994654B,MW1PD95844_2496,42
MW1PD95844_2787,མགོན་པོའི་གཞུང་བསྟོད།,IB9B4B026,MW1PD95844_2787,47
MW1PD95844_2711,སྔགས་ཀྱི་དོན་འཇུག་པ།,IBA01A18B,MW1PD95844_2711,47
MW1PD95844_1076,གནོད་སྦྱིན་གྱི་སྡེ་དཔོན་ཆེན་པོ་ལག་ན་རྡོ་རྗེ་གོས་སྔོན་ཅན་གྱི་སྒྲུབ་ཐབས།,IBA161F22,MW1PD95844_1076,47
MW1PD95844_0369,དཔལ་འཁོར་ལོ་སྡོམ་པའི་དབང་གི་བྱ་བ།,IBB41488E,MW1PD95844_0369,42
MW1PD95844_2291,རྡོ་རྗེ་གནདྷ་རཱིའི་སྒྲུབ་ཐབས།,IBBC93A1D,MW1PD95844_2291,40
MW1PD95844_1082,ལག་ན་རྡོ་རྗེ་གོས་སྔོན་པོ་ཅན་གྱི་སྦྱོར་ཀ་ཆེན་པོའི་ཆོ་ག།,IBBD1D16C,MW1PD95844_1082,25
MW1PD95844_2720,འཆི་ཀ་མའི་བསྟན་ཆོས།,IBBD55F44,MW1PD95844_2720,47
MW1PD95844_1753,རྣམ་འཇོམས་ཀྱི་སྒྲུབ་ཐབས་བརྒྱ་རྩ་བརྒྱད།,IBC90B0F4,MW1PD95844_1753,38
MW1PD95844_2527,ཌཱ་ཀི་མའི་ཞལ་གདམས།,IBCBD5C06,MW1PD95844_2527,42
MW1PD95844_2687,གནོད་སྦྱིན་མ་ཀུན་ནས་འཁྱིལ་པའི་གྭ་ཐབས་ཀྱི་དོན་བསྡུས་པའི་འགྲེལ་པ།,IBD19DD90,MW1PD95844_2687,46
MW1PD95844_2502,དཔལ་འཁོར་ལོ་སྡོམ་པའི་རབ་ཏུ་གནས་པའི་ཆོ་ག།,IBD249D61,MW1PD95844_2502,42
MW1PD95844_2640,གསང་བའི་མན་ངག་འཇམ་པའི་ཐིགས་པ།,IBDA7DA98,MW1PD95844_2640,44
MW1PD95844_3562,ཤཱ་རིའི་བུའི་བརྒྱད་པ།,IBDD8D3D0,MW1PD95844_3562,114
MW1PD95844_2644,སྒེག་རྡོར་གྱིས་མཛད་པའི་རྒྱུད་བཤགས།,IBE184E24,MW1PD95844_2644,44
MW1PD95844_2518,དཔལ་འཁོར་ལོ་སྡོམ་པའི་དཀྱིལ་འཁོར་གྱི་ཆོ་ག།,IBE559877,MW1PD95844_2518,42
MW1PD95844_1605,ཆོས་སྤྱོད་ཐམས་ཅད་ཀྱི་མན་ངག་མངོན་པར་རྟོགས་པའི་རྣམ་བཤད་གཟི་བརྗིད་སྣང་བ།,IBEED7CA3,MW1PD95844_1605,37
MW1PD95844_2602,མན་ངག་གི་རྒྱལ་པོ་ལྟ་བའི་འཕྲེང་བ།,IBEF79BC9,MW1PD95844_2602,43
MW1PD95844_2682,གཤིན་རྗེ་གཤེད་དམར་ལྷ་ལྔའི་མངོན་པར་རྟོགས་པ་དངོས་གྲུབ་ཀྱི་སྙེ་མ།,IBFD4DFB3,MW1PD95844_2682,46
MW1PD95844_2864,དཀྱིལ་འཁོར་གྱི་རྣམ་པར་དབྱེ་བའི་རབ་ཏུ་བྱེད་པ།,IBFF08CA3,MW1PD95844_2864,47
MW1PD95844_2710,སྒྲོལ་མ་དམར་མོས་འགྲོ་བ་དབང་དུ་བསྡུ་བའི་འཁོར་ལོའི་ཆོ་ག།,IC0019101,MW1PD95844_2710,47
MW1PD95844_2635,བསྲེ་བའི་ཐོ་བྱང་།,IC031CE3D,MW1PD95844_2635,44
MW1PD95844_2501,དཔའ་བོ་གཅིག་པའི་གཏོར་མའི་ཆོ་ག།,IC0834AA0,MW1PD95844_2501,42
MW1PD95844_2576,སྒྲོན་མེ་གཅིག་པའི་མན་ངག།,IC2884163,MW1PD95844_2576,42
MW1PD95844_2582,བདག་མེད་མའི་བྱིན་རླབས།,IC3A1E4A9,MW1PD95844_2582,42
MW1PD95844_1044,ཀུ་ལ་ལོ་ཀ་ནཱ་ཐའི་བྱིན་རླབས་དང་རྗེས་གནང་བྱ་བའི་རིམ་པ།,IC421522D,MW1PD95844_1044,25
MW1PD95844_1766,གཏུམ་པོ་ཆེན་པོའི་སྒྲུབ་ཐབས།,IC43F4377,MW1PD95844_1766,40
MW1PD95844_0642,ཕྱིར་བཟློག་གི་འཁོར་ལོ།,IC4409470,MW1PD95844_0642,14
MW1PD95844_2681,ཆོས་ཐམས་ཅད་འཕགས་པ་འཇམ་དཔལ་གཤིན་རྗེ་པོར་བསྒྲུབ་པའི་ཐབས།,IC451C0A3,MW1PD95844_2681,46
MW1PD95844_2781,མགོན་པོའི་རྒྱུ་དུས་བརྟག་པ།,IC46C6106,MW1PD95844_2781,47
MW1PD95844_2596,སྒྱུ་འཕྲུལ་དྲ་བ་རྡོ་རྗེ་ལས་ཀྱི་རིམ་པ།,IC488FFEB,MW1PD95844_2596,43
MW1PD95844_2819,འཕགས་པ་ཚོགས་ཀྱི་བདག་པོའི་གཏོར་མའི་ཆོ་ག།,IC4AD3366,MW1PD95844_2819,47
MW1PD95844_1986,རྡོ་རྗེ་ཧཱུཾ་མཛད་ཀྱི་སྒྲུབ་ཐབས།,IC4C92B67,MW1PD95844_1986,40
MW1PD95844_2765,དཔལ་ལྷ་མོ་ལ་བསྟོད་པ།,IC4CC2E21,MW1PD95844_2765,47
MW1PD95844_2741,ཁྲོ་བོའི་རྒྱལ་པོ་མི་གཡོ་བའི་བསྒྲུབ་པའི་ཐབས།,IC4E13DA3,MW1PD95844_2741,47
MW1PD95844_2581,དེ་ཁོ་ན་ཉིད་བཞི་པ།,IC4E4D97A,MW1PD95844_2581,42
O2MS163914CZ190847,རྟེན་ཅིང་འབྲེལ་པར་འབྱུང་བའི་དེ་ཁོ་ན་ཉིད།,IC59B043F,,114
MW1PD95844_2436,བགེགས་ཀྱི་རྒྱལ་པོ་བསྒྲུབ་པའི་ཐབས།,IC8012282,MW1PD95844_2436,47
MW1PD95844_2561,རྡོ་རྗེ་ཕག་མོའི་སྒྲུབ་ཐབས་རིམ་པ་ལྔ་པ་ཞེས་བྱ་བ་རྔོན་པའི་གདམས་ངག།,IC857BB2F,MW1PD95844_2561,42
MW1PD95844_2695,འཕགས་པ་དོན་ཡོད་ཞགས་པའི་སྒྲུབ་ཐབས།,IC8E19725,MW1PD95844_2695,47
MW1PD95844_2844,བཅོམ་ལྡན་འདས་དཔལ་རྡོ་རྗེ་གནོད་མཛེས་ཁྲོ་བོའི་རྒྱལ་པོ་ཆེན་པོ་སྡང་བ་ཐམས་ཅད་རྣམ་པར་འཇོམས་པའི་བསྒྲུབ་ཐབས།,IC9807DD3,MW1PD95844_2844,47
MW1PD95844_2810,རྣམ་ཐོས་སྲས་རྗེས་སུ་འབྲང་བའི་གཏོར་མའི་ཆོ་ག།,ICA0C4EDB,MW1PD95844_2810,47
MW1PD95844_2611,དེ་ཁོ་ན་ཉིད་སྣང་བ་དམ་པ་བརྒྱན།,ICDAA4B94,MW1PD95844_2611,43
MW1PD95844_2653,ལྷའི་སྐུ་སྒོམ་པའི་མན་ངག།,ICEA0AAEA,MW1PD95844_2653,44
MW1PD95844_3596,སྒྲའི་རྣམ་པར་དབྱེ་བ་བསྟན་པ།,ICF765BC5,MW1PD95844_3596,115
MW1PD95844_2701,ཡི་གེ་བཞི་པའི་མན་ངག།,ID030F7D0,MW1PD95844_2701,47
O2MS163914CZ189835,རྐང་གྲངས་རིན་ཆེན་ཕྲེང་བ།,ID1C741CE,,47
MW1PD95844_2772,བྱིན་གྱིས་བརླབས་པའི་ནག་པོ་ཆེན་པོའི་གསང་བའི་སྒྲུབ་ཐབས།,ID225D5C8,MW1PD95844_2772,47
O2MS163914CZ189779,གནོད་སྦྱིན་ནག་པོ་ཆེན་པོའི་སྒྲུབ་ཐབས།,ID2EE099C,,47
MW1PD95844_2490,བླ་མའི་བྲིས་ཐང་རྒྱབ་ཡིག།,ID4529004,MW1PD95844_2490,42
MW1PD95844_2534,དཔལ་འཁོར་ལོ་སྡོམ་པའི་མན་ངག།,ID4FCA722,MW1PD95844_2534,42
MW1PD95844_2591,རྣལ་འབྱོར་མདོར་བསྡུས་པ།,ID664F6F7,MW1PD95844_2591,42
MW1PD95844_2840,ནོར་བདག་གཙོ་འཁོར་ལྔའི་བསྟོད་པ་དབྱིག་གི་ཆར་འབེབས་ཞེས་བྱ་བ།,ID6AB9893,MW1PD95844_2840,47
MW1PD95844_2603,ལས་ཤན་ལྟ་བའི་སྒྲོན་མ།,ID7664487,MW1PD95844_2603,43
MW1PD95844_2528,ཌཱ་ཀིའི་ཞལ་གདམས་དུག་གསུམ་ཞི་བྱེད།,ID81D6059,MW1PD95844_2528,42
MW1PD95844_2736,སེང་ལྡེང་ནགས་ཀྱི་སྒྲོལ་མ་ལ་བསྟོད་པ།,ID9A0A19D,MW1PD95844_2736,47
MW1PD95844_2622,སྒྱུ་འཕྲུལ་སྦྱིན་སྲེག་གི་རིམ་པ་མདོར་བསྡུས་པ།,ID9AD4911,MW1PD95844_2622,43
MW1PD95844_2527,ཌཱ་ཀི་མའི་ཞལ་གདམས།,ID9B9990B,MW1PD95844_2527,42
MW1PD95844_1779,མཆོད་རྟེན་གྱི་ཆ་རྣམ་པར་དབྱེ་བ།,IDA0F4A6B,MW1PD95844_1779,38
MW1PD95844_3614,འཕགས་པ་སྨོན་ལམ་གྱི་རྒྱལ་པོ།,IDA57424A,MW1PD95844_3614,42
MW1PD95844_2688,གཞན་གྱི་མི་ཐུབ་པ་དང་རི་རབ་མཆོག་མ་རིན་པོ་ཆེ་བཟང་པོའི་བསྒྲུབ་ཐབས།,IDA91D4EB,MW1PD95844_2688,46
MW1PD95844_2686,ཤ་ཟ་གནོད་སྦྱིན་མཁའ་འགྲོ་ཀུན་ནས་འཁྱིལ་པའི་རྟོགས་པ་ལས་བྱུང་བའི་གྭ་ཐབས་ཞེས་བྱ་བ།,IDA98345E,MW1PD95844_2686,46
O2MS163914CZ189476,སྒྱུ་མ་ལམ་གྱི་རིམ་པ།,IDB46BD13,,42
MW1PD95844_2511,དཔལ་འཁོར་ལོ་བདེ་མཆོག་གི་རྣམ་པར་སྤྲུལ་པ་དང་ཡུལ་ཉི་ཤུ་རྟ་བཞིའི་རྒྱུ་མཚན།,IDBE83CE3,MW1PD95844_2511,42
MW1PD95844_2818,བགེགས་བདག་ཆེན་པོའི་སྐུ་བྲི་བའི་མན་ངག་ཡིད་བཞིན་ནོར་བུ།,IDC9ADD3D,MW1PD95844_2818,47
MW1PD95844_2632,རྡོ་རྗེ་སེམས་དཔའི་སྒྱུ་འཕྲུལ་དྲ་བའི་རྒྱུད་དཔལ་གསང་བའི་སྙིང་པོ་ཞེས་བྱ་བའི་སྤྱན་འགྲེལ་པའོ།,IDCFD4C5D,MW1PD95844_2632,44
O2MS163914CZ188191,མཚན་ཡང་དག་པར་བརྗོད་པའི་སྒྲུབ་ཐབས་གསང་བའི་སྒྲོན་མ།,IDD3A04BB,,33
MW1PD95844_2717,ལྷ་མཆོད་པའི་རིམ་པ།,IDE83172E,MW1PD95844_2717,47
MW1PD95844_2743,གཏུམ་པོའི་སྒྲུབ་ཐབས།,IE0B07E38,MW1PD95844_2743,47
O2MS163914CZ189821,ཁྲོ་བོ་རེག་ཚིག་གི་བསྒྲུབ་པའི་ཐབས།,IE171DF99,,47
MW1PD95844_2599,ཐུགས་ཀྱི་ཐིགས་པ།,IE21E67EA,MW1PD95844_2599,43
MW1PD95844_1207,སངས་རྒྱས་འཆར་བ།,IE23301BE,MW1PD95844_1207,26
MW1PD95844_0674,དཔལ་ནག་པོ་ཆེན་པོའི་སྒྲུབ་ཐབས།,IE2418878,MW1PD95844_0674,47
MW1PD95844_2629,བྱང་ཆུབ་སེམས་ཀྱི་ལྗོན་ཤིང་།,IE2622B55,MW1PD95844_2629,43
MW1PD95844_1978,འཕགས་པ་གཤིན་རྗེ་དམར་པོའི་སྒྲུབ་ཐབས།,IE288BF82,MW1PD95844_1978,39
MW1PD95844_2521,རང་གྲོལ་ཕྱག་རྒྱ་ཆེན་པོ།,IE311490F,MW1PD95844_2521,42
MW1PD95844_2843,ཁྲོ་བོ་ཆེན་པོ་བདུད་རྩི་འཁྱིལ་པའི་སྒྲུབ་ཐབས།,IE31F611D,MW1PD95844_2843,47
MW1PD95844_0677,ནག་པོ་ཆེན་པོ་ལ་བསྟོད་པ་,IE44A774A,MW1PD95844_0677,47
MW1PD95844_2616,སྒྱུ་འཕྲུལ་དྲ་བའི་ལམ་བཤད་པ།,IE46F30E6,MW1PD95844_2616,43
MW1PD95844_2842,ཁྲོ་བོའི་རྒྱལ་པོ་ཁམས་གསུམ་རྣམ་པར་རྒྱལ་བའི་སྒྲུབ་ཐབས།,IE4E5E9E9,MW1PD95844_2842,47
MW1PD95844_2794,ནག་པོ་ཆེན་པོའི་ལས་ཚོགས།,IE52BF93C,MW1PD95844_2794,47
MW1PD95844_0118,སྦྱིན་སྲེག་གི་ཆོ་ག།,IE5FC55FE,MW1PD95844_0118,47
MW1PD95844_2835,ཚོགས་ཀྱི་བདག་པོ་དམ་ཚིག་གསང་བའི་བསྒྲུབ་ཐབས།,IE7B137D6,MW1PD95844_2835,47
MW1PD95844_2513,གཏོར་མ་ཚོགས་མཆོད་ཀྱི་དབུ་ལགས།,IE875E97C,MW1PD95844_2513,42
MW1PD95844_2746,གུར་མགོན་ལྷ་བཅུ་བདུན་གྱི་སྒྲུབ་ཐབས།,IE89AE352,MW1PD95844_2746,47
MW1PD95844_2773,མི་བསྐྱོད་པ་ལ་བརྟེན་ནས་མགོན་པོའི་གེགས་སེལ་བླ་མའི་གནད་སྒྱུར།,IEA36C251,MW1PD95844_2773,47
MW1PD95844_0674,དཔལ་ནག་པོ་ཆེན་པོའི་སྒྲུབ་ཐབས།,IEA8BE05B,MW1PD95844_0674,47
MW1PD95844_1533,ངན་སོང་ཐམས་ཅད་ཡོངས་སུ་སྦྱོང་བ་གཟི་བརྗིད་ཀྱི་རྒྱལ་པོ་ཞེས་བྱ་བའི་བརྟག་པའི་བཤད་པ།,IEAAE9180,MW1PD95844_1533,34
MW1PD95844_2821,ཤིན་ཏུ་མྱུར་བའི་ལྷ་ཆེན་པོ་བགེགས་ཀྱི་རྒྱལ་པོའི་སྒྲུབ་ཐབས།,IEACE3B48,MW1PD95844_2821,47
MW1PD95844_2852,བླ་མ་ཕྱི་ལྟར་སྒྲུབ་པའི་མན་ངག།,IEC0D00BB,MW1PD95844_2852,47
MW1PD95844_0595,འཕགས་མ་སྒྲོལ་མ་ལ་བསྟོད་པ།,IEE20E288,MW1PD95844_0595,47
MW1PD95844_2860,དཀྱིལ་འཁོར་ཐམས་ཅད་ཀྱི་བསྒྲུབ་པའི་ཐབས་རྫོགས་པའི་རྣལ་འབྱོར་གྱི་ཕྲེང་བ།,IEE37C846,MW1PD95844_2860,47
MW1PD95844_1091,ལྕེ་དབབ་པའི་བྱ་ཐབས།,IEE6F8E96,MW1PD95844_1091,25
MW1PD95844_1774,ཚ་ཚ་གདབ་པ་ལ་སོགས་པའི་ཆོ་ག།,IEE74EE8B,MW1PD95844_1774,38
MW1PD95844_2500,དཔའ་བོ་གཅིག་པའི་སྦྱིན་བསྲེག་གི་ཆོ་ག།,IEEBE0C6B,MW1PD95844_2500,42
MW1PD95844_0585,ལྷ་མོ་སྒྲོལ་མའི་སྒྲུབ་ཐབས།,IEECCEAAD,MW1PD95844_0585,40
MW1PD95844_2768,གནོད་སྦྱིན་ནག་པོའི་བསྟོད་པ།,IEEEEF0F5,MW1PD95844_2768,47
MW1PD95844_2847,སྐལ་འཇོག་དབང་གི་ཆོ་ག།,IEF4AB07B,MW1PD95844_2847,47
MW1PD95844_2572,དགེས་པ་རྡོ་རྗེའི་ལུས་ཀྱི་དོན་རབ་ཏུ་གསལ་བ།,IF13111F3,MW1PD95844_2572,42
MW1PD95844_2678,འཆི་བ་བླུ་བའི་བསྡུས་དོན།,IF21E1831,MW1PD95844_2678,46
MW1PD95844_2664,བསྡུས་པའི་རིམ་པའི་བསྒྲུབ་ཐབས།,IF224E047,MW1PD95844_2664,46
O2MS163914CZ189521,ཕྱག་རྒྱ་བཞིའི་སྒྲུབ་ཐབས།,IF232A26D,,42
O2MS163914CZ189637,དཔལ་གསང་བ་འདུས་པའི་མན་ངག་རིམ་པ་ལྔ་པ།,IF4244C84,,46
MW1PD95844_0875,གཏོར་མ་ཉེ་བར་སྦྱང་བ།,IF46EE7F7,MW1PD95844_0875,24
MW1PD95844_0443,རྡོ་རྗེ་ཕག་མོ་མཆོད་པའི་སྒྲུབ་ཐབས།,IF48479B4,MW1PD95844_0443,42
MW1PD95844_0793,དེ་ཁོ་ན་ཉིད་རིན་པོ་ཆེ་སྣང་བའི་རྣམ་པར་བཤད་པ།,IF48499E2,MW1PD95844_0793,46
MW1PD95844_2822,ཤིན་ཏུ་མྱུར་བའི་ལྷ་བགེགས་ཆེན་པོ། བགེགས་ཀྱི་རྒྱལ་པོ་བསྒྲུབ་པའི་ཐབས།,IF50AA99B,MW1PD95844_2822,47
MW1PD95844_2817,འཕགས་པ་ཚོགས་ཀྱི་བདག་པོ་ལ་བསྟོད་པ།,IF676260E,MW1PD95844_2817,47
MW1PD95844_0424,དཔལ་གསང་བ་རིན་པོ་ཆེ་ཡིད་བཞིན་ནོར་བུ།,IF7611866,MW1PD95844_0424,42
MW1PD95844_2494,རྡོ་རྗེ་ཚིག་གི་རྣམ་པར་དབྱེ་བ།,IF78A274F,MW1PD95844_2494,42
MW1PD95844_0674,དཔལ་ནག་པོ་ཆེན་པོའི་སྒྲུབ་ཐབས།,IF868C4E0,MW1PD95844_0674,47
MW1PD95844_2623,སྒྱུ་འཕྲུལ་དྲ་བ་རོ་སྲེག་ལས་ཀྱི་ཕྲེང་བ།,IF8A0B11F,MW1PD95844_2623,43
MW1PD95844_0902,དཔལ་རྡོ་རྗེ་འཇིགས་བྱེད་ཀྱི་བསྒྲུབ་པའི་ཐབས།,IF95DD94D,MW1PD95844_0902,46
O2MS163914CZ189791,དཔལ་རྡོ་རྗེ་མཁའ་འགྲོའི་བསྒྲུབ་ཐབས།,IF9626A9E,,47
MW1PD95844_0315,དཔལ་རྡོ་རྗེ་མཁའ་འགྲོ་རྒྱུད་ཀྱི་དེ་ཁོ་ན་ཉིད་རབ་ཏུ་བསྟན་པར་བྱེད་པ་ཞེས་བྱ་བའི་དཀའ་འགྲེལ།,IF9BE425E,MW1PD95844_0315,42
MW1PD95844_0921,དེ་ལ་ཕན་པའི་ལེའུ་གཅིག།,IFA4747F7,MW1PD95844_0921,24
MW1PD95844_2676,དཔལ་རྡོ་རྗེ་འཇིགས་བྱེད་ཀྱི་སྒྲུབ་ཐབས་པད་མ་རྒྱས་པ།,IFAA7C479,MW1PD95844_2676,46
O2MS163914CZ189638,རྣལ་འབྱོར་ཡན་ལག་དྲུག་པ།,IFAC4342C,,46
MW1PD95844_2556,ལས་ཀྱི་ཆོ་ག།,IFBA2EF4F,MW1PD95844_2556,42
MW1PD95844_2823,དཔལ་ཚོགས་ཀྱི་བདག་པོའི་འཁོར་ལོའི་གསལ་བྱེད།,IFBBFB49C,MW1PD95844_2823,47
MW1PD95844_0451,དཔལ་རྡོ་རྗེ་རྣལ་འབྱོར་མའི་གསང་བའི་སྒྲུབ་ཐབས།,IFC6C97F6,MW1PD95844_0451,42
O2MS163914CZ189771,ཙནྜི་ཀའི་ཚིག་སྒྲུབ།,IFC8A38FB,,47
MW1PD95844_2657,མདོ་རྒྱུད་རྟོགས་པའི་སྒྲོན་མ།,IFCCF32EA,MW1PD95844_2657,44
MW1PD95844_2754,ནག་པོ་ཆེན་པོའི་བསྟོད་པའི་ཕྲེང་བ།,IFD12DFCD,MW1PD95844_2754,47
MW1PD95844_2728,འཕགས་མ་སྒྲོལ་མ་འཇིགས་པ་ཆེན་པོ་བརྒྱད་ལས་སྒྲོལ་བའི་བསྟོད་པ།,IFF09B47D,MW1PD95844_2728,47
